<keymap version="1" name="Windows copy" parent="$default">
  <action id="EditorDeleteToLineEnd">
    <keyboard-shortcut first-keystroke="ctrl alt back_space" />
  </action>
  <action id="EditorLineEnd">
    <keyboard-shortcut first-keystroke="end" />
    <keyboard-shortcut first-keystroke="alt page_down" />
  </action>
  <action id="EditorLineEndWithSelection">
    <keyboard-shortcut first-keystroke="shift end" />
    <keyboard-shortcut first-keystroke="shift alt page_down" />
  </action>
  <action id="EditorLineStart">
    <keyboard-shortcut first-keystroke="home" />
    <keyboard-shortcut first-keystroke="alt page_up" />
  </action>
  <action id="FileMenu">
    <keyboard-shortcut first-keystroke="alt minus" />
  </action>
  <action id="Generate">
    <keyboard-shortcut first-keystroke="alt insert" />
    <keyboard-shortcut first-keystroke="shift back_quote" />
  </action>
  <action id="IntroduceFunctionalVariable">
    <keyboard-shortcut first-keystroke="shift ctrl alt o" />
  </action>
  <action id="NewClass">
    <keyboard-shortcut first-keystroke="alt equals" />
  </action>
  <action id="RunAnything">
    <keyboard-shortcut first-keystroke="shift ctrl alt e" />
  </action>
  <action id="editRunConfigurations">
    <keyboard-shortcut first-keystroke="shift ctrl alt r" />
  </action>
</keymap>